{
    "bulb_glow": {
        "downward_inner_cos": 0.15399999916553497,
        "downward_outer_cos": 0.37599998712539673,
        "emissive_strength_multiplier": 0.2680000066757202,
        "emissive_surface_scale": 0.36899998784065247,
        "point_light_color": [
            0.7987768650054932,
            0.4406641125679016,
            0.17475704848766327
        ],
        "point_light_intensity": 15.553000450134277,
        "point_light_vertical_offset": 0.0,
        "point_shadow_strength": 0.9200000166893005,
        "point_shadows_enabled": true
    },
    "directional_light": {
        "ambient": [
            0.03999999910593033,
            0.03999999910593033,
            0.04500000178813934
        ],
        "diffuse": [
            0.2800000011920929,
            0.25999999046325684,
            0.2199999988079071
        ],
        "direction": [
            -0.6499999761581421,
            -0.550000011920929,
            -0.3799999952316284
        ],
        "specular": [
            0.07999999821186066,
            0.07000000029802322,
            0.05999999865889549
        ],
        "strength": 1.819000005722046
    },
    "environment": {
        "global_ambient": [
            0.07999999821186066,
            0.07000000029802322,
            0.05999999865889549
        ],
        "name": "Scene",
        "point_light_strength": 2.002000093460083,
        "shadow_strength": 0.949999988079071,
        "spot_light_strength": 0.9539999961853027
    },
    "point_lights": [
        {
            "color": [
                0.7987768650054932,
                0.4406641125679016,
                0.17475704848766327
            ],
            "comment": "WarmLight.001",
            "constant": 1.0,
            "intensity": 15.553000450134277,
            "linear": 0.18000000715255737,
            "position": [
                -2.056772470474243,
                3.8800787925720215,
                0.6119488477706909
            ],
            "quadratic": 0.12000000476837158
        },
        {
            "color": [
                0.7987768650054932,
                0.4406641125679016,
                0.17475704848766327
            ],
            "comment": "WarmLight.002",
            "constant": 1.0,
            "intensity": 15.553000450134277,
            "linear": 0.18000000715255737,
            "position": [
                1.6568994522094727,
                3.7469701766967773,
                -1.740305781364441
            ],
            "quadratic": 0.12000000476837158
        },
        {
            "color": [
                0.7987768650054932,
                0.4406641125679016,
                0.17475704848766327
            ],
            "comment": "WarmLight.003",
            "constant": 1.0,
            "intensity": 15.553000450134277,
            "linear": 0.18000000715255737,
            "position": [
                1.6568994522094727,
                2.9584765434265137,
                2.024305820465088
            ],
            "quadratic": 0.12000000476837158
        },
        {
            "color": [
                0.7987768650054932,
                0.4406641125679016,
                0.17475704848766327
            ],
            "comment": "WarmLight.004",
            "constant": 1.0,
            "intensity": 15.553000450134277,
            "linear": 0.18000000715255737,
            "position": [
                1.6568994522094727,
                3.403115749359131,
                5.308707237243652
            ],
            "quadratic": 0.12000000476837158
        },
        {
            "color": [
                0.7987768650054932,
                0.4406641125679016,
                0.17475704848766327
            ],
            "comment": "WarmLight.005",
            "constant": 1.0,
            "intensity": 15.553000450134277,
            "linear": 0.18000000715255737,
            "position": [
                -2.056772470474243,
                3.9632487297058105,
                -4.817208766937256
            ],
            "quadratic": 0.12000000476837158
        },
        {
            "color": [
                0.7987768650054932,
                0.4406641125679016,
                0.17475704848766327
            ],
            "comment": "WarmLight.006",
            "constant": 1.0,
            "intensity": 15.553000450134277,
            "linear": 0.18000000715255737,
            "position": [
                -2.056772470474243,
                3.4411253929138184,
                -1.4904059171676636
            ],
            "quadratic": 0.12000000476837158
        },
        {
            "color": [
                0.7987768650054932,
                0.4406641125679016,
                0.17475704848766327
            ],
            "comment": "WarmLight.007",
            "constant": 1.0,
            "intensity": 15.553000450134277,
            "linear": 0.18000000715255737,
            "position": [
                -2.056772470474243,
                3.662912368774414,
                4.862864017486572
            ],
            "quadratic": 0.12000000476837158
        },
        {
            "color": [
                0.7987768650054932,
                0.4406641125679016,
                0.17475704848766327
            ],
            "comment": "WarmLight.008",
            "constant": 1.0,
            "intensity": 15.553000450134277,
            "linear": 0.18000000715255737,
            "position": [
                1.6568994522094727,
                3.1481895446777344,
                -4.817208766937256
            ],
            "quadratic": 0.12000000476837158
        }
    ],
    "post_process": {
        "bloom_blur_iterations": 8,
        "bloom_enabled": true,
        "bloom_strength": 0.1940000057220459,
        "bloom_threshold": 1.6649999618530273,
        "exposure": 1.3179999589920044,
        "ssao_bias": 0.027000000700354576,
        "ssao_enabled": true,
        "ssao_radius": 1.2000000476837158,
        "ssao_strength": 0.871999979019165
    }
}
