{
    "bulb_glow": {
        "downward_inner_cos": 0.4659999907016754,
        "downward_outer_cos": 0.4729999899864197,
        "emissive_strength_multiplier": 1.3639999628067017,
        "point_light_color": [
            0.3766028881072998,
            0.23387335240840912,
            0.1061679869890213
        ],
        "point_light_intensity": 8.0,
        "point_shadow_strength": 0.4650000035762787,
        "point_shadows_enabled": true
    },
    "directional_light": {
        "ambient": [
            0.03999999910593033,
            0.03999999910593033,
            0.04500000178813934
        ],
        "diffuse": [
            0.2800000011920929,
            0.25999999046325684,
            0.2199999988079071
        ],
        "direction": [
            -0.6499999761581421,
            -0.550000011920929,
            -0.3799999952316284
        ],
        "specular": [
            0.07999999821186066,
            0.07000000029802322,
            0.05999999865889549
        ],
        "strength": 0.7089999914169312
    },
    "environment": {
        "global_ambient": [
            0.03500000014901161,
            0.03400000184774399,
            0.03999999910593033
        ],
        "name": "Scene",
        "point_light_strength": 0.6970000267028809,
        "shadow_strength": 0.7350000143051147,
        "spot_light_strength": 0.9539999961853027
    },
    "point_lights": [
        {
            "color": [
                0.3766028881072998,
                0.23387335240840912,
                0.1061679869890213
            ],
            "comment": "WarmLight.001",
            "constant": 1.0,
            "intensity": 8.0,
            "linear": 0.18000000715255737,
            "position": [
                -2.056772470474243,
                3.8800787925720215,
                0.6119488477706909
            ],
            "quadratic": 0.12000000476837158
        },
        {
            "color": [
                0.3766028881072998,
                0.23387335240840912,
                0.1061679869890213
            ],
            "comment": "WarmLight.002",
            "constant": 1.0,
            "intensity": 8.0,
            "linear": 0.18000000715255737,
            "position": [
                1.6568994522094727,
                3.7469701766967773,
                -1.740305781364441
            ],
            "quadratic": 0.12000000476837158
        },
        {
            "color": [
                0.3766028881072998,
                0.23387335240840912,
                0.1061679869890213
            ],
            "comment": "WarmLight.003",
            "constant": 1.0,
            "intensity": 8.0,
            "linear": 0.18000000715255737,
            "position": [
                1.6568994522094727,
                2.9584765434265137,
                2.024305820465088
            ],
            "quadratic": 0.12000000476837158
        },
        {
            "color": [
                0.3766028881072998,
                0.23387335240840912,
                0.1061679869890213
            ],
            "comment": "WarmLight.004",
            "constant": 1.0,
            "intensity": 8.0,
            "linear": 0.18000000715255737,
            "position": [
                1.6568994522094727,
                3.403115749359131,
                5.308707237243652
            ],
            "quadratic": 0.12000000476837158
        },
        {
            "color": [
                0.3766028881072998,
                0.23387335240840912,
                0.1061679869890213
            ],
            "comment": "WarmLight.005",
            "constant": 1.0,
            "intensity": 8.0,
            "linear": 0.18000000715255737,
            "position": [
                -2.056772470474243,
                3.9632487297058105,
                -4.817208766937256
            ],
            "quadratic": 0.12000000476837158
        },
        {
            "color": [
                0.3766028881072998,
                0.23387335240840912,
                0.1061679869890213
            ],
            "comment": "WarmLight.006",
            "constant": 1.0,
            "intensity": 8.0,
            "linear": 0.18000000715255737,
            "position": [
                -2.056772470474243,
                3.4411253929138184,
                -1.4904059171676636
            ],
            "quadratic": 0.12000000476837158
        },
        {
            "color": [
                0.3766028881072998,
                0.23387335240840912,
                0.1061679869890213
            ],
            "comment": "WarmLight.007",
            "constant": 1.0,
            "intensity": 8.0,
            "linear": 0.18000000715255737,
            "position": [
                -2.056772470474243,
                3.662912368774414,
                4.862864017486572
            ],
            "quadratic": 0.12000000476837158
        },
        {
            "color": [
                0.3766028881072998,
                0.23387335240840912,
                0.1061679869890213
            ],
            "comment": "WarmLight.008",
            "constant": 1.0,
            "intensity": 8.0,
            "linear": 0.18000000715255737,
            "position": [
                1.6568994522094727,
                3.1481895446777344,
                -4.817208766937256
            ],
            "quadratic": 0.12000000476837158
        }
    ],
    "post_process": {
        "bloom_blur_iterations": 8,
        "bloom_enabled": true,
        "bloom_strength": 0.25099998712539673,
        "bloom_threshold": 1.2979999780654907,
        "exposure": 1.3739999532699585
    }
}
