{
    "directional_light": {
        "ambient": [
            0.03999999910593033,
            0.03999999910593033,
            0.04500000178813934
        ],
        "diffuse": [
            0.2800000011920929,
            0.25999999046325684,
            0.2199999988079071
        ],
        "direction": [
            -0.6499999761581421,
            -0.550000011920929,
            -0.3799999952316284
        ],
        "specular": [
            0.07999999821186066,
            0.07000000029802322,
            0.05999999865889549
        ],
        "strength": 2.38100004196167
    },
    "environment": {
        "global_ambient": [
            0.03500000014901161,
            0.03400000184774399,
            0.03999999910593033
        ],
        "name": "Scene",
        "point_light_strength": 0.6970000267028809,
        "shadow_strength": 0.94,
        "spot_light_strength": 0.9190000295639038
    },
    "point_lights": [
        {
            "color": [
                1.0,
                0.7200000286102295,
                0.3499999940395355
            ],
            "comment": "WarmLight.001",
            "constant": 1.0,
            "intensity": 48.0,
            "linear": 0.18000000715255737,
            "position": [
                -2.056772470474243,
                3.8800787925720215,
                0.6119488477706909
            ],
            "quadratic": 0.12000000476837158
        },
        {
            "color": [
                1.0,
                0.7200000286102295,
                0.3499999940395355
            ],
            "comment": "WarmLight.002",
            "constant": 1.0,
            "intensity": 48.0,
            "linear": 0.18000000715255737,
            "position": [
                1.6568994522094727,
                3.7469701766967773,
                -1.740305781364441
            ],
            "quadratic": 0.12000000476837158
        },
        {
            "color": [
                1.0,
                0.7200000286102295,
                0.3499999940395355
            ],
            "comment": "WarmLight.003",
            "constant": 1.0,
            "intensity": 48.0,
            "linear": 0.18000000715255737,
            "position": [
                1.6568994522094727,
                2.9584765434265137,
                2.024305820465088
            ],
            "quadratic": 0.12000000476837158
        },
        {
            "color": [
                1.0,
                0.7200000286102295,
                0.3499999940395355
            ],
            "comment": "WarmLight.004",
            "constant": 1.0,
            "intensity": 48.0,
            "linear": 0.18000000715255737,
            "position": [
                1.6568994522094727,
                3.403115749359131,
                5.308707237243652
            ],
            "quadratic": 0.12000000476837158
        },
        {
            "color": [
                1.0,
                0.7200000286102295,
                0.3499999940395355
            ],
            "comment": "WarmLight.005",
            "constant": 1.0,
            "intensity": 48.0,
            "linear": 0.18000000715255737,
            "position": [
                -2.056772470474243,
                3.9632487297058105,
                -4.817208766937256
            ],
            "quadratic": 0.12000000476837158
        },
        {
            "color": [
                1.0,
                0.7200000286102295,
                0.3499999940395355
            ],
            "comment": "WarmLight.006",
            "constant": 1.0,
            "intensity": 48.0,
            "linear": 0.18000000715255737,
            "position": [
                -2.056772470474243,
                3.4411253929138184,
                -1.4904059171676636
            ],
            "quadratic": 0.12000000476837158
        },
        {
            "color": [
                1.0,
                0.7200000286102295,
                0.3499999940395355
            ],
            "comment": "WarmLight.007",
            "constant": 1.0,
            "intensity": 48.0,
            "linear": 0.18000000715255737,
            "position": [
                -2.056772470474243,
                3.662912368774414,
                4.862864017486572
            ],
            "quadratic": 0.12000000476837158
        },
        {
            "color": [
                1.0,
                0.7200000286102295,
                0.3499999940395355
            ],
            "comment": "WarmLight.008",
            "constant": 1.0,
            "intensity": 48.0,
            "linear": 0.18000000715255737,
            "position": [
                1.6568994522094727,
                3.1481895446777344,
                -4.817208766937256
            ],
            "quadratic": 0.12000000476837158
        }
    ],
    "post_process": {
        "bloom_enabled": true,
        "exposure": 1.35,
        "bloom_threshold": 1.0,
        "bloom_strength": 0.5,
        "bloom_blur_iterations": 8
    },
    "bulb_glow": {
        "emissive_strength_multiplier": 2.5,
        "point_light_intensity": 48.0,
        "point_light_color": [
            1.0,
            0.72,
            0.35
        ]
    }
}
